<?xml version="1.0" encoding="UTF-8" standalone="yes"?>
<addon 	id="repository.gypo" 
		name="[COLOR ghostwhite][B]THE gypo GROUP REPOSITORY[/B][/COLOR]" 
		version="2.0.0" 
		provider-name="[COLOR ghostwhite][B]gypo[/B][/COLOR]">
	<extension point="xbmc.addon.repository" name="[COLOR ghostwhite][B]THE gypo GROUP REPOSITORY[/B][/COLOR]">
	<dir>
		<info compressed="false">https://offshoregit.com/tvaresolvers/tva-common-repository/raw/master/addons.xml</info>
		<checksum>https://offshoregit.com/tvaresolvers/tva-common-repository/raw/master/addons.xml.md5</checksum>
		<datadir zip="true">https://offshoregit.com/tvaresolvers/tva-common-repository/raw/master/zips/</datadir>
	</dir>
		<info compressed="false">https://raw.githubusercontent.com/gypogypo/gypo1/master/zipss/addons.xml</info>
		<checksum>https://raw.githubusercontent.com/gypogypo/gypo1/master/zipss/addons.xml.md5</checksum>
		<datadir zip="true">https://raw.githubusercontent.com/gypogypo/gypo1/master/zipss/</datadir>
	</extension>
	<extension point="xbmc.addon.metadata">
		<summary>THE gypo GROUP REPOSITORY</summary>
		<description>Bringing you the gypo Addons and Builds. This repository and all it's addons are OPEN SOURCE.  Rip it up, chop it up, and use it as you like.  Learn from it. Develop something. Share it.  HAVE FUN WITH IT. Contact us on Facebook at:  https://www.facebook.com/groups/gypokodi/</description>
		<platform>all</platform>
	</extension>
</addon>
